{
  "formatVersion": 1,
  "database": {
    "version": 1,
    "identityHash": "83013f3ca95af6d804d50fc002bd148c",
    "entities": [
      {
        "tableName": "tracker_table",
        "createSql": "CREATE TABLE IF NOT EXISTS `${TABLE_NAME}` (`id` INTEGER PRIMARY KEY AUTOINCREMENT NOT NULL, `name` TEXT, `calories` INTEGER NOT NULL, `km` INTEGER NOT NULL)",
        "fields": [
          {
            "fieldPath": "id",
            "columnName": "id",
            "affinity": "INTEGER",
            "notNull": true
          },
          {
            "fieldPath": "name",
            "columnName": "name",
            "affinity": "TEXT",
            "notNull": false
          },
          {
            "fieldPath": "calories",
            "columnName": "calories",
            "affinity": "INTEGER",
            "notNull": true
          },
          {
            "fieldPath": "km",
            "columnName": "km",
            "affinity": "INTEGER",
            "notNull": true
          }
        ],
        "primaryKey": {
          "columnNames": [
            "id"
          ],
          "autoGenerate": true
        },
        "indices": [],
        "foreignKeys": []
      }
    ],
    "views": [],
    "setupQueries": [
      "CREATE TABLE IF NOT EXISTS room_master_table (id INTEGER PRIMARY KEY,identity_hash TEXT)",
      "INSERT OR REPLACE INTO room_master_table (id,identity_hash) VALUES(42, '83013f3ca95af6d804d50fc002bd148c')"
    ]
  }
}